City_ID,City,Lat,Lng,Max Temp,Humidity,Cloudiness,Wind Speed,Country,Date
0,Ulladulla,-35.35,150.4667,58.87,82,100,6.69,AU,2021-11-21 15:17:46
1,Puerto Ayora,-0.7393,-90.3518,75.16,75,77,10.07,EC,2021-11-21 15:17:47
2,Saldanha,-33.0117,17.9442,80.65,72,13,20.15,ZA,2021-11-21 15:17:47
3,Komsomolskiy,40.4272,71.7189,40.42,55,23,4.61,UZ,2021-11-21 15:17:47
4,Rikitea,-23.1203,-134.9692,72.48,68,5,8.88,PF,2021-11-21 15:17:48
5,Socorro,31.6546,-106.3033,59.09,28,75,11.5,US,2021-11-21 15:17:48
6,Troitskoye,52.9821,84.6757,16.21,85,100,4.47,RU,2021-11-21 15:17:49
7,Saint George,37.1041,-113.5841,43.79,52,1,4.0,US,2021-11-21 15:16:34
8,Dikson,73.5069,80.5464,-7.47,75,15,16.17,RU,2021-11-21 15:17:49
9,Hobart,-42.8794,147.3294,55.26,85,90,0.0,AU,2021-11-21 15:13:07
10,Ribeira Grande,38.5167,-28.7,66.6,72,75,24.16,PT,2021-11-21 15:17:50
11,Albany,42.6001,-73.9662,47.8,64,90,3.96,US,2021-11-21 15:16:25
12,Maneadero,31.7167,-116.5667,64.78,40,98,6.24,MX,2021-11-21 15:17:51
13,Tigil,57.8,158.6667,21.09,82,100,9.51,RU,2021-11-21 15:17:51
14,San Pedro,14.35,121.0167,82.35,88,40,2.3,PH,2021-11-21 15:17:51
15,Mastic,40.802,-72.8409,51.46,73,90,4.61,US,2021-11-21 15:17:52
16,Lompoc,34.6391,-120.4579,62.13,79,1,4.61,US,2021-11-21 15:17:52
17,Half Moon Bay,37.4636,-122.4286,56.98,57,1,0.0,US,2021-11-21 15:13:48
18,Codrington,-38.2667,141.9667,47.25,89,17,5.21,AU,2021-11-21 15:17:53
19,Ponta Do Sol,32.6667,-17.1,68.13,75,100,13.02,PT,2021-11-21 15:17:54
20,Kapaa,22.0752,-159.319,71.92,87,75,4.61,US,2021-11-21 15:17:54
21,Ushuaia,-54.8,-68.3,38.86,70,75,24.16,AR,2021-11-21 15:17:54
22,San Patricio,28.017,-97.5169,78.93,79,13,7.52,US,2021-11-21 15:17:55
23,Hermanus,-34.4187,19.2345,77.9,71,64,20.67,ZA,2021-11-21 15:17:55
24,Hambantota,6.1241,81.1185,78.33,75,66,10.42,LK,2021-11-21 15:17:55
25,Benidorm,38.5382,-0.131,68.09,72,99,1.01,ES,2021-11-21 15:17:56
26,Bluff,-46.6,168.3333,52.02,82,100,11.48,NZ,2021-11-21 15:17:56
27,Nanzhou,29.3596,112.4024,51.71,45,100,13.06,CN,2021-11-21 15:17:57
28,Kodiak,57.79,-152.4072,18.91,68,1,5.75,US,2021-11-21 15:17:57
29,Sioux Lookout,50.1001,-91.917,17.98,79,75,24.16,CA,2021-11-21 15:17:58
30,Srednekolymsk,67.45,153.6833,-16.19,100,97,0.96,RU,2021-11-21 15:17:59
31,Bethel,41.3712,-73.414,49.89,66,40,1.01,US,2021-11-21 15:17:19
32,Smolensk,55.0,33.0,34.66,99,100,3.69,RU,2021-11-21 15:17:59
33,Cape Town,-33.9258,18.4232,78.12,60,20,21.85,ZA,2021-11-21 15:18:00
34,San Juan,-31.5375,-68.5364,89.56,24,6,4.59,AR,2021-11-21 15:18:01
35,San Bartolome De Tirajana,27.9248,-15.5733,63.32,63,20,9.22,ES,2021-11-21 15:18:01
36,Dabola,10.75,-11.1167,92.23,18,1,5.75,GN,2021-11-21 15:18:02
37,Petropavlovsk-Kamchatskiy,53.0452,158.6483,34.39,75,75,13.42,RU,2021-11-21 15:18:02
38,Tiksi,71.6872,128.8694,-17.54,98,100,6.33,RU,2021-11-21 15:18:03
39,Ancud,-41.8697,-73.8203,65.43,92,100,10.76,CL,2021-11-21 15:18:03
40,Severo-Kurilsk,50.6789,156.125,37.6,96,100,13.91,RU,2021-11-21 15:18:04
41,Pevek,69.7008,170.3133,-17.55,99,27,4.68,RU,2021-11-21 15:18:04
42,Mahebourg,-20.4081,57.7,77.29,73,20,6.91,MU,2021-11-21 15:14:47
43,Lavrentiya,65.5833,-171.0,1.45,89,15,8.23,RU,2021-11-21 15:18:05
44,Thompson,55.7435,-97.8558,1.56,78,20,16.11,CA,2021-11-21 15:16:33
45,Mount Gambier,-37.8333,140.7667,46.0,93,27,4.74,AU,2021-11-21 15:19:06
46,Hithadhoo,-0.6,73.0833,80.33,80,100,13.53,MV,2021-11-21 15:19:07
47,Barrow,71.2906,-156.7887,-7.58,84,40,11.5,US,2021-11-21 15:19:07
48,Punta Arenas,-53.15,-70.9167,44.71,57,75,18.41,CL,2021-11-21 15:18:51
49,Port Alfred,-33.5906,26.891,70.32,82,74,30.51,ZA,2021-11-21 15:19:08
50,Saint-Esteve,42.7131,2.843,63.99,63,75,3.44,FR,2021-11-21 15:19:08
51,Acajutla,13.5928,-89.8275,86.34,52,31,3.13,SV,2021-11-21 15:19:09
52,Victoria,22.2855,114.1577,75.38,87,5,2.01,HK,2021-11-21 15:14:48
53,Dassel,51.8032,9.6884,48.0,86,100,5.48,DE,2021-11-21 15:19:10
54,Agua Dulce,18.1333,-94.1333,71.38,84,10,4.45,MX,2021-11-21 15:19:10
55,Aklavik,68.2191,-135.0107,-10.37,98,100,5.66,CA,2021-11-21 15:19:10
56,Redlands,34.0556,-117.1825,70.02,40,0,1.01,US,2021-11-21 15:17:14
57,Bako,5.7833,36.5667,76.66,40,63,2.73,ET,2021-11-21 15:19:11
58,Butaritari,3.0707,172.7902,80.55,80,54,9.15,KI,2021-11-21 15:19:11
59,Havoysund,70.9963,24.6622,27.48,90,100,24.05,NO,2021-11-21 15:19:12
60,Port Lincoln,-34.7333,135.8667,56.23,76,85,13.09,AU,2021-11-21 15:16:34
61,Lewisporte,49.2499,-55.0482,36.14,53,8,6.33,CA,2021-11-21 15:19:12
62,Geraldton,-28.7667,114.6,66.61,72,75,8.05,AU,2021-11-21 15:19:13
63,Atuona,-9.8,-139.0333,77.65,78,8,12.28,PF,2021-11-21 15:19:13
64,Busselton,-33.65,115.3333,61.09,93,89,9.89,AU,2021-11-21 15:14:56
65,Fortuna,40.5982,-124.1573,44.94,87,1,14.97,US,2021-11-21 15:19:14
66,Kalmunai,7.4167,81.8167,79.66,75,31,1.14,LK,2021-11-21 15:19:14
67,San Rafael Del Sur,11.8485,-86.4384,83.37,58,4,10.54,NI,2021-11-21 15:19:14
68,Cowra,-33.8333,148.6833,57.27,75,100,14.25,AU,2021-11-21 15:19:15
69,Kaitangata,-46.2817,169.8464,51.04,95,100,4.41,NZ,2021-11-21 15:19:15
70,Avarua,-21.2078,-159.775,73.45,88,40,1.14,CK,2021-11-21 15:19:16
71,Hilo,19.7297,-155.09,72.81,93,90,5.75,US,2021-11-21 15:19:16
72,Zhigansk,66.7697,123.3711,-28.48,100,93,2.57,RU,2021-11-21 15:19:17
73,Khatanga,71.9667,102.5,-37.82,98,35,3.89,RU,2021-11-21 15:19:17
74,Ternate,0.8,127.4,82.2,78,69,4.92,ID,2021-11-21 15:19:17
75,Hasaki,35.7333,140.8333,55.8,68,100,21.34,JP,2021-11-21 15:16:00
76,Enid,36.3956,-97.8784,49.14,62,75,3.0,US,2021-11-21 15:19:18
77,Nemuro,43.3236,145.575,39.29,63,45,2.59,JP,2021-11-21 15:19:18
78,Port Blair,11.6667,92.75,81.68,83,44,8.79,IN,2021-11-21 15:19:19
79,Carnarvon,-24.8667,113.6333,68.07,68,40,14.97,AU,2021-11-21 15:19:19
80,Nikolskoye,59.7035,30.7861,33.87,92,67,6.06,RU,2021-11-21 15:19:19
81,Mataura,-46.1927,168.8643,50.34,100,100,1.83,NZ,2021-11-21 15:19:20
82,Kaeo,-35.1,173.7833,66.33,96,100,2.82,NZ,2021-11-21 15:19:20
83,Sao Felix Do Xingu,-6.6447,-51.995,93.87,44,48,2.77,BR,2021-11-21 15:19:21
84,Iyo,33.7514,132.7014,59.41,71,99,3.51,JP,2021-11-21 15:19:21
85,Chokurdakh,70.6333,147.9167,-15.07,100,94,2.64,RU,2021-11-21 15:19:21
86,Chuy,-33.6971,-53.4616,86.38,37,0,10.09,UY,2021-11-21 15:19:22
87,Victor Harbor,-35.5667,138.6167,58.8,79,17,11.16,AU,2021-11-21 15:19:22
88,Grand Forks,47.9417,-97.4337,19.33,65,1,24.16,US,2021-11-21 15:19:22
89,Thinadhoo,0.5333,72.9333,80.71,79,100,12.59,MV,2021-11-21 15:19:23
90,Kirakira,-10.4544,161.9205,80.15,82,12,5.57,SB,2021-11-21 15:19:23
91,Nanortalik,60.1432,-45.2371,35.37,98,100,9.8,GL,2021-11-21 15:19:24
92,Rivadavia,-33.1905,-68.4608,86.47,23,3,6.78,AR,2021-11-21 15:20:24
93,Berezovyy,51.6667,135.7,3.04,98,48,3.0,RU,2021-11-21 15:20:25
94,Coihaique,-45.5752,-72.0662,59.61,63,90,10.36,CL,2021-11-21 15:16:25
95,Grao Mogol,-16.5594,-42.8897,69.71,90,100,4.21,BR,2021-11-21 15:20:25
96,Cayenne,4.9333,-52.3333,87.84,78,75,3.0,GF,2021-11-21 15:20:26
97,Touros,-5.1989,-35.4608,90.5,52,6,12.59,BR,2021-11-21 15:20:27
98,Ossora,59.2353,163.0719,22.71,94,100,19.57,RU,2021-11-21 15:20:27
99,Tasiilaq,65.6145,-37.6368,28.56,91,100,4.43,GL,2021-11-21 15:20:27
100,Mao,39.8885,4.2658,61.36,88,20,8.05,ES,2021-11-21 15:16:49
101,Sao Joao Da Barra,-21.6403,-41.0511,77.09,63,62,12.12,BR,2021-11-21 15:20:28
102,Castro,-24.7911,-50.0119,75.02,41,30,4.27,BR,2021-11-21 15:20:28
103,Vaini,-21.2,-175.2,73.56,100,20,0.0,TO,2021-11-21 15:20:29
104,Bengkulu,-3.8004,102.2655,77.79,86,100,2.62,ID,2021-11-21 15:20:29
105,Requena,39.4883,-1.1004,60.13,53,100,7.43,ES,2021-11-21 15:20:29
106,Tuktoyaktuk,69.4541,-133.0374,-14.8,76,1,2.3,CA,2021-11-21 15:20:30
107,Yulara,-25.2406,130.9889,76.84,31,69,17.27,AU,2021-11-21 15:20:30
108,Yellowknife,62.456,-114.3525,-5.58,88,75,9.22,CA,2021-11-21 15:18:07
109,Havelock,34.8791,-76.9013,66.15,78,40,5.75,US,2021-11-21 15:20:31
110,Bonfim,3.0833,-59.95,83.44,68,100,4.94,BR,2021-11-21 15:20:31
111,Bredasdorp,-34.5322,20.0403,67.28,70,82,19.57,ZA,2021-11-21 15:20:31
112,Pitimbu,-7.4706,-34.8086,86.59,58,100,9.19,BR,2021-11-21 15:20:32
113,Muroto,33.2833,134.15,65.08,74,75,2.59,JP,2021-11-21 15:20:32
114,Zhuhai,22.2769,113.5678,75.11,88,20,5.75,CN,2021-11-21 15:20:32
115,Santa Rosa,14.3122,121.1114,83.1,86,35,4.65,PH,2021-11-21 15:20:15
116,Jamestown,42.097,-79.2353,44.19,48,1,1.99,US,2021-11-21 15:20:33
117,Nishihara,26.1842,127.7558,73.45,89,40,6.91,JP,2021-11-21 15:20:33
118,Kloulklubed,7.0419,134.2556,81.1,72,100,11.99,PW,2021-11-21 15:20:34
119,Cabo San Lucas,22.8909,-109.9124,76.51,62,1,8.05,MX,2021-11-21 15:19:11
120,Meadow Lake,34.8014,-106.5436,47.32,39,100,6.15,US,2021-11-21 15:20:35
121,Norman Wells,65.282,-126.8329,-14.76,76,75,5.75,CA,2021-11-21 15:20:35
122,East London,-33.0153,27.9116,70.74,83,75,19.57,ZA,2021-11-21 15:20:35
123,Lerwick,60.1545,-1.1494,42.8,69,86,11.74,GB,2021-11-21 15:20:36
124,Yaan,7.3833,8.5667,96.24,30,84,0.38,NG,2021-11-21 15:20:37
125,Lubbock,33.6001,-101.8338,51.39,43,90,4.0,US,2021-11-21 15:20:37
126,Tual,-5.6667,132.75,84.04,71,99,0.98,ID,2021-11-21 15:20:37
127,Cherskiy,68.75,161.3,-28.44,100,98,4.32,RU,2021-11-21 15:20:38
128,Newburn,54.9876,-1.7442,42.98,91,40,14.97,GB,2021-11-21 15:20:38
129,Saint-Pierre,-21.3393,55.4781,78.48,72,40,3.44,RE,2021-11-21 15:17:12
130,Camana,-16.6228,-72.7111,70.21,75,69,10.49,PE,2021-11-21 15:20:39
131,Sorland,67.667,12.6934,31.86,86,75,20.71,NO,2021-11-21 15:20:39
132,La Esperanza,14.8667,-91.5667,59.61,46,44,1.3,GT,2021-11-21 15:20:40
133,Rocha,-34.4833,-54.3333,89.98,30,1,13.67,UY,2021-11-21 15:20:40
134,Mabaruma,8.2,-59.7833,82.33,81,100,3.0,GY,2021-11-21 15:20:40
135,Damabalas,7.0156,124.5142,75.07,95,99,0.36,PH,2021-11-21 15:20:41
136,Katsuura,35.1333,140.3,59.02,71,100,21.36,JP,2021-11-21 15:20:41
137,Komsomolets,53.7453,62.0708,28.02,94,100,17.07,KZ,2021-11-21 15:20:41
138,Honiara,-9.4333,159.95,77.5,81,29,1.74,SB,2021-11-21 15:17:14
139,Vostok,46.4856,135.8833,21.56,87,100,4.16,RU,2021-11-21 15:21:42
140,Alappuzha,9.49,76.3264,79.63,75,83,4.63,IN,2021-11-21 15:21:42
141,Saint-Philippe,-21.3585,55.7679,78.39,75,35,7.56,RE,2021-11-21 15:21:43
142,Matinha,-3.1006,-45.0336,91.44,50,36,8.1,BR,2021-11-21 15:21:44
143,Longyearbyen,78.2186,15.6401,4.84,66,40,5.75,SJ,2021-11-21 15:21:44
144,Choya,52.0108,86.5467,19.81,92,100,4.14,RU,2021-11-21 15:21:45
145,Chimbote,-9.0853,-78.5783,68.41,75,100,7.43,PE,2021-11-21 15:21:45
146,Grand Gaube,-20.0064,57.6608,77.4,66,0,5.01,MU,2021-11-21 15:21:46
147,Mouzouras,35.5333,24.15,61.43,77,75,0.0,GR,2021-11-21 15:21:46
148,Qaanaaq,77.484,-69.3632,-7.46,62,5,7.25,GL,2021-11-21 15:21:46
149,Burnie,-41.0667,145.9167,48.94,80,58,3.33,AU,2021-11-21 15:21:47
150,Tilichiki,60.4667,166.1,-0.27,96,34,11.14,RU,2021-11-21 15:21:47
151,Puro,12.4841,123.3827,80.22,86,63,6.13,PH,2021-11-21 15:21:47
152,Manzil Salim,35.8567,8.4765,60.8,44,83,10.6,TN,2021-11-21 15:21:48
153,Apatou,5.155,-54.3472,88.74,56,71,4.45,GF,2021-11-21 15:21:48
154,Bowen,-20.0167,148.2333,76.42,71,30,10.83,AU,2021-11-21 15:21:49
155,Tomohon,1.3346,124.8392,68.94,91,23,0.63,ID,2021-11-21 15:21:49
156,Luderitz,-26.6481,15.1594,66.25,67,0,19.3,NA,2021-11-21 15:21:49
157,Laguna,38.421,-121.4238,51.4,97,1,0.0,US,2021-11-21 15:21:50
158,Esperance,-33.8667,121.9,67.41,74,94,15.93,AU,2021-11-21 15:21:50
159,Kahului,20.8947,-156.47,76.84,85,1,13.8,US,2021-11-21 15:21:51
160,Fukue,32.6881,128.8419,64.51,80,100,4.65,JP,2021-11-21 15:21:51
161,Kavieng,-2.5744,150.7967,82.63,74,92,10.92,PG,2021-11-21 15:21:52
162,Sur,22.5667,59.5289,76.41,51,51,10.8,OM,2021-11-21 15:21:52
163,Zenzeli,45.9241,47.0474,44.44,54,9,10.27,RU,2021-11-21 15:21:53
164,Pangnirtung,66.1451,-65.7125,0.75,93,76,6.26,CA,2021-11-21 15:21:53
165,Coquimbo,-29.9533,-71.3436,62.33,72,40,11.5,CL,2021-11-21 15:21:53
166,Caravelas,-17.7125,-39.2481,72.59,94,100,8.9,BR,2021-11-21 15:21:54
167,Namibe,-15.1961,12.1522,75.83,64,20,11.5,AO,2021-11-21 15:21:54
168,Leningradskiy,69.3833,178.4167,-14.01,95,35,3.83,RU,2021-11-21 15:21:55
169,Taoudenni,22.6783,-3.9836,89.83,20,74,5.48,ML,2021-11-21 15:21:08
170,Lazarev,52.225,141.5131,18.66,81,16,10.78,RU,2021-11-21 15:21:55
171,Mar Del Plata,-38.0023,-57.5575,89.62,55,0,11.99,AR,2021-11-21 15:21:56
172,Talnakh,69.4865,88.3972,-20.97,87,14,9.08,RU,2021-11-21 15:21:56
173,Pochutla,15.7432,-96.4661,86.83,57,0,1.48,MX,2021-11-21 15:21:57
174,Amapa,1.0,-52.0,83.05,74,100,4.21,BR,2021-11-21 15:21:57
175,Moussoro,13.6408,16.4901,95.27,10,69,13.31,TD,2021-11-21 15:21:57
176,Cabedelo,-6.9811,-34.8339,86.67,56,40,10.0,BR,2021-11-21 15:21:58
177,Astoria,46.1879,-123.8313,37.02,96,98,5.99,US,2021-11-21 15:21:58
178,Khandyga,62.6667,135.6,-17.88,96,100,1.7,RU,2021-11-21 15:21:59
179,Wiarton,44.7407,-81.1332,41.4,81,75,9.22,CA,2021-11-21 15:21:59
180,San Cristobal,7.7669,-72.225,73.58,63,87,4.94,VE,2021-11-21 15:21:59
181,Buta,2.7858,24.73,87.21,57,97,1.36,CD,2021-11-21 15:22:00
182,Filadelfia,39.9523,-75.1638,50.92,78,75,1.01,US,2021-11-21 15:22:00
183,Sitka,57.0531,-135.33,46.29,71,90,24.16,US,2021-11-21 15:22:01
184,Kokstad,-30.5472,29.4241,62.51,86,43,7.76,ZA,2021-11-21 15:22:01
185,Williston,48.147,-103.618,18.91,71,100,5.01,US,2021-11-21 15:22:02
186,Flinders,-34.5833,150.8552,62.2,86,100,3.0,AU,2021-11-21 15:22:02
187,Maumere,-8.6199,122.2111,81.88,79,85,3.38,ID,2021-11-21 15:23:03
188,Rundu,-17.9333,19.7667,89.35,28,98,11.54,NA,2021-11-21 15:23:03
189,Airai,-8.9266,125.4092,62.96,95,99,2.01,TL,2021-11-21 15:23:04
190,Mosquera,4.7059,-74.2302,62.69,59,40,8.05,CO,2021-11-21 15:23:05
191,Praia Da Vitoria,38.7333,-27.0667,61.75,100,75,30.94,PT,2021-11-21 15:23:05
192,Port Keats,-14.25,129.55,84.63,73,100,10.56,AU,2021-11-21 15:23:05
193,Cornwall,45.0181,-74.7281,45.01,70,90,0.0,CA,2021-11-21 15:22:16
194,La Tuque,47.4334,-72.7824,34.05,86,97,1.14,CA,2021-11-21 15:23:06
195,Saskylakh,71.9167,114.0833,-23.66,92,11,8.43,RU,2021-11-21 15:23:07
196,Coahuayana,18.7333,-103.6833,81.88,48,0,2.17,MX,2021-11-21 15:23:07
197,Ban Dung,17.699,103.2596,75.11,99,31,0.72,TH,2021-11-21 15:23:08
198,Adre,13.4667,22.2,87.06,12,14,9.53,TD,2021-11-21 15:23:08
199,Jieshi,22.8134,115.8257,74.95,79,4,1.72,CN,2021-11-21 15:23:09
200,Mazagao,-0.115,-51.2894,89.65,56,70,6.22,BR,2021-11-21 15:23:09
201,Subang,-7.1277,108.5283,73.76,94,66,1.52,ID,2021-11-21 15:23:10
202,Salinopolis,-0.6136,-47.3561,84.11,72,19,11.36,BR,2021-11-21 15:23:10
203,Broken Hill,-31.95,141.4333,62.06,34,0,15.26,AU,2021-11-21 15:19:16
204,Gondanglegi,-7.7479,112.0132,78.49,86,100,2.48,ID,2021-11-21 15:23:11
205,Sampit,-2.5333,112.95,75.56,95,98,2.13,ID,2021-11-21 15:23:11
206,Vardo,70.3705,31.1107,25.0,57,94,25.39,NO,2021-11-21 15:23:11
207,Georgetown,5.4112,100.3354,80.53,92,40,0.0,MY,2021-11-21 15:23:12
208,Lata,40.1629,-8.3327,65.07,51,20,5.44,PT,2021-11-21 15:23:12
209,Muros,42.7762,-9.0603,63.09,58,1,8.28,ES,2021-11-21 15:23:12
210,Wajima,37.4,136.9,59.04,70,98,8.52,JP,2021-11-21 15:23:13
211,Ankazoabo,-22.2833,44.5167,91.9,27,35,9.42,MG,2021-11-21 15:23:13
212,Yar-Sale,66.8333,70.8333,12.2,94,100,14.32,RU,2021-11-21 15:23:14
213,Alvorada,-12.48,-49.1247,92.5,50,64,0.38,BR,2021-11-21 15:23:14
214,Faanui,-16.4833,-151.75,79.9,66,81,12.62,PF,2021-11-21 15:23:15
215,Monte Alegre,-2.0078,-54.0692,87.03,57,100,4.23,BR,2021-11-21 15:23:15
216,Kruisfontein,-34.0033,24.7314,70.88,78,97,25.21,ZA,2021-11-21 15:23:15
217,Khandbari,27.3747,87.2039,60.06,91,75,1.1,NP,2021-11-21 15:23:16
218,Melfi,40.9965,15.6514,59.56,61,0,3.65,IT,2021-11-21 15:23:16
219,Soyo,-6.1349,12.3689,86.05,72,100,10.63,AO,2021-11-21 15:23:16
220,Port Elizabeth,-33.918,25.5701,73.09,73,20,20.71,ZA,2021-11-21 15:23:17
221,Ostrovnoy,68.0531,39.5131,28.58,93,100,32.32,RU,2021-11-21 15:23:17
222,Livramento,-3.0254,-60.1803,81.28,83,75,6.91,BR,2021-11-21 15:23:17
223,Kangaatsiaq,68.3065,-53.4641,25.84,67,99,5.44,GL,2021-11-21 15:23:18
224,Waipawa,-41.4122,175.5153,58.03,71,89,13.96,NZ,2021-11-21 15:23:18
225,Sao Filipe,14.8961,-24.4956,81.39,66,100,5.86,CV,2021-11-21 15:23:19
226,Puerto Carreno,6.189,-67.4859,76.93,83,100,4.5,CO,2021-11-21 15:20:05
227,Beloha,-25.1667,45.05,72.37,65,39,14.07,MG,2021-11-21 15:23:19
228,San Vicente,-26.6167,-54.1333,89.02,30,4,3.18,AR,2021-11-21 15:23:20
229,Avera,33.194,-82.5271,58.71,58,16,5.39,US,2021-11-21 15:23:20
230,Ler,8.3018,30.1418,90.61,21,90,5.06,SS,2021-11-21 15:23:20
231,Ormara,25.2088,64.6357,78.44,47,9,6.24,PK,2021-11-21 15:23:21
232,Manokwari,-0.8667,134.0833,79.23,78,66,4.92,ID,2021-11-21 15:23:21
233,Mitla,16.9167,-96.4,61.03,64,0,2.98,MX,2021-11-21 15:23:22
234,Ciudad Bolivar,8.1222,-63.5497,87.15,56,100,6.85,VE,2021-11-21 15:24:22
235,Robertsport,6.7533,-11.3686,84.02,69,13,10.07,LR,2021-11-21 15:24:23
236,Mutare,-18.9707,32.6709,72.0,74,53,9.01,ZW,2021-11-21 15:24:23
237,Dakar,14.6937,-17.4441,101.28,66,0,13.8,SN,2021-11-21 15:24:23
238,Jacareacanga,-6.2222,-57.7528,90.86,54,95,2.35,BR,2021-11-21 15:24:24
239,Liberal,37.0431,-100.921,47.44,45,20,12.66,US,2021-11-21 15:20:55
240,Kroya,-7.6331,109.2461,79.2,86,80,2.86,ID,2021-11-21 15:24:25
241,Upernavik,72.7868,-56.1549,12.0,75,100,4.81,GL,2021-11-21 15:24:25
242,Lazdijai,54.2333,23.5167,42.67,79,100,17.63,LT,2021-11-21 15:24:25
243,Bubaque,11.2833,-15.8333,84.7,66,1,7.07,GW,2021-11-21 15:24:26
244,Aracati,-4.5617,-37.7697,91.09,45,31,12.84,BR,2021-11-21 15:24:26
245,Kasempa,-13.4584,25.8338,79.56,52,100,3.42,ZM,2021-11-21 15:24:26
246,Lermontovka,47.1453,134.3383,24.19,89,100,3.78,RU,2021-11-21 15:24:27
247,Asau,46.4333,26.4,50.95,51,20,5.73,RO,2021-11-21 15:24:27
248,Richards Bay,-28.783,32.0377,71.92,73,100,14.12,ZA,2021-11-21 15:24:28
249,New Norfolk,-42.7826,147.0587,54.9,72,95,2.17,AU,2021-11-21 15:24:28
250,Provideniya,64.3833,-173.3,3.78,87,15,7.27,RU,2021-11-21 15:24:29
251,Misratah,32.3754,15.0925,69.3,54,51,2.51,LY,2021-11-21 15:24:29
252,Capinzal,-27.3436,-51.6119,85.01,36,0,4.12,BR,2021-11-21 15:24:30
253,Fallon,39.4735,-118.7774,22.87,86,1,0.0,US,2021-11-21 15:24:31
254,Rantauprapat,2.1,99.8333,75.56,96,97,2.3,ID,2021-11-21 15:24:31
255,Mecca,21.4267,39.8261,79.12,46,1,13.98,SA,2021-11-21 15:24:31
256,Tra Vinh,9.9347,106.3453,79.14,86,65,9.33,VN,2021-11-21 15:24:32
257,Matara,5.9485,80.5353,76.84,82,97,9.51,LK,2021-11-21 15:24:32
258,Palm Beach,26.6503,-80.4498,81.99,90,47,11.18,US,2021-11-21 15:21:17
259,Dudinka,69.4058,86.1778,-12.17,80,8,10.36,RU,2021-11-21 15:24:33
260,Tuatapere,-46.1333,167.6833,51.17,96,100,3.22,NZ,2021-11-21 15:24:33
261,Omsukchan,62.5333,155.8,-15.18,100,99,4.16,RU,2021-11-21 15:24:33
262,Souillac,-20.5167,57.5167,77.38,73,20,6.91,MU,2021-11-21 15:24:34
263,Bud,39.447,-86.1758,44.69,96,100,9.4,US,2021-11-21 15:24:35
264,Te Anau,-45.4167,167.7167,49.41,98,100,0.92,NZ,2021-11-21 15:24:36
265,Fushun,41.8558,123.9233,24.51,89,98,9.31,CN,2021-11-21 15:24:36
266,Kismayo,-0.3582,42.5454,81.36,76,72,11.61,SO,2021-11-21 15:24:36
267,Mackay,-21.15,149.2,73.04,83,11,4.61,AU,2021-11-21 15:24:37
268,Saint Simons,31.1352,-81.3901,63.01,87,90,11.5,US,2021-11-21 15:24:37
269,Cidreira,-30.1811,-50.2056,77.09,52,0,7.52,BR,2021-11-21 15:24:38
270,Rawson,-43.3002,-65.1023,57.96,74,100,14.23,AR,2021-11-21 15:20:49
271,Nelson Bay,-32.7167,152.15,64.11,93,100,4.0,AU,2021-11-21 15:24:38
272,Lufilufi,-13.8745,-171.5986,76.78,81,66,16.64,WS,2021-11-21 15:24:39
273,Hue,16.4667,107.6,75.31,94,20,2.3,VN,2021-11-21 15:24:39
274,Buraydah,26.326,43.975,75.65,33,21,8.9,SA,2021-11-21 15:24:39
275,Ondjiva,-17.0667,15.7333,94.01,11,69,8.05,AO,2021-11-21 15:25:40
276,Prienai,54.6333,23.95,39.94,92,100,14.34,LT,2021-11-21 15:25:40
277,Santa Cruz,-17.8,-63.1667,91.45,40,20,3.44,BO,2021-11-21 15:21:21
278,Monrovia,6.3005,-10.7969,87.57,71,24,6.71,LR,2021-11-21 15:25:41
279,Tomatlan,19.9333,-105.25,76.23,54,0,1.77,MX,2021-11-21 15:25:41
280,Westport,41.1415,-73.3579,51.4,69,1,1.99,US,2021-11-21 15:25:27
281,Quang Ngai,15.1167,108.8,75.52,92,52,2.44,VN,2021-11-21 15:25:42
282,Shingu,33.7333,135.9833,57.42,89,73,3.89,JP,2021-11-21 15:25:43
283,Figeac,44.75,1.9167,50.38,77,100,2.71,FR,2021-11-21 15:25:43
284,Lagoa,39.05,-27.9833,61.41,89,100,34.83,PT,2021-11-21 15:25:43
285,Ketchikan,55.3422,-131.6461,46.87,100,90,21.85,US,2021-11-21 15:25:44
286,North Bend,43.4065,-124.2243,44.08,76,80,5.93,US,2021-11-21 15:25:44
287,Lara,-38.0167,144.4,56.23,92,75,8.05,AU,2021-11-21 15:25:44
288,Santa Fe Do Sul,-20.2111,-50.9258,82.99,46,46,5.99,BR,2021-11-21 15:25:45
289,Vestmannaeyjar,63.4427,-20.2734,45.59,93,90,21.85,IS,2021-11-21 15:25:45
290,Terra Santa,-2.1042,-56.4869,87.85,59,98,4.56,BR,2021-11-21 15:25:46
291,Oneonta,42.4529,-75.0638,46.29,68,93,4.92,US,2021-11-21 15:25:41
292,Vao,-22.6667,167.4833,73.6,83,24,23.64,NC,2021-11-21 15:25:46
293,Sobolevo,54.4299,31.8996,42.01,93,100,17.98,RU,2021-11-21 15:25:47
294,Belaya Gora,68.5333,146.4167,-17.48,100,90,0.89,RU,2021-11-21 15:25:47
295,Meulaboh,4.1363,96.1285,75.9,90,100,2.91,ID,2021-11-21 15:25:48
296,Tanabe,33.7333,135.3667,58.91,87,85,5.88,JP,2021-11-21 15:25:48
297,Salalah,17.0151,54.0924,80.69,61,0,2.3,OM,2021-11-21 15:25:49
298,Salvador,13.8333,-88.9167,81.0,68,7,3.87,SV,2021-11-21 15:25:49
299,Shenjiamen,29.9576,122.298,58.6,91,100,30.33,CN,2021-11-21 15:25:50
300,Sinnamary,5.3833,-52.95,84.9,65,81,7.61,GF,2021-11-21 15:25:50
301,Lazaro Cardenas,17.9583,-102.2,78.67,62,0,3.91,MX,2021-11-21 15:25:51
302,Grindavik,63.8424,-22.4338,43.27,87,90,26.46,IS,2021-11-21 15:25:51
303,Roebourne,-20.7833,117.1333,81.77,45,100,9.31,AU,2021-11-21 15:25:52
304,Guozhen,34.3659,107.359,37.42,32,3,0.31,CN,2021-11-21 15:25:52
305,Hofn,64.2539,-15.2082,32.02,80,20,5.75,IS,2021-11-21 15:25:53
306,Vila Velha,-20.3297,-40.2925,69.75,88,75,15.99,BR,2021-11-21 15:24:43
307,Urengoy,65.9667,78.3667,6.84,94,100,16.98,RU,2021-11-21 15:25:53
308,Bajil,15.0584,43.2851,85.68,50,76,7.78,YE,2021-11-21 15:25:54
309,Paamiut,61.994,-49.6678,26.96,88,100,4.99,GL,2021-11-21 15:25:54
310,Arraial Do Cabo,-22.9661,-42.0278,76.96,57,40,11.5,BR,2021-11-21 15:25:54
311,Prado,-17.3411,-39.2208,71.2,97,98,7.14,BR,2021-11-21 15:25:55
312,Conakry,9.538,-13.6773,92.35,66,40,11.5,GN,2021-11-21 15:25:55
313,Sharya,58.3686,45.5144,27.19,91,100,10.42,RU,2021-11-21 15:25:56
314,Port Hardy,50.6996,-127.4199,44.6,93,90,18.41,CA,2021-11-21 15:25:56
315,Hit,33.6416,42.8251,68.43,40,94,6.64,IQ,2021-11-21 15:25:57
316,Mount Isa,-20.7333,139.5,83.97,34,2,11.5,AU,2021-11-21 15:25:57
317,Torbay,47.6666,-52.7314,35.58,67,75,13.8,CA,2021-11-21 15:26:58
318,Ahtopol,42.1,27.95,54.07,76,1,10.22,BG,2021-11-21 15:26:58
319,Griffith,41.5284,-87.4237,43.9,83,90,1.99,US,2021-11-21 15:26:59
320,Acarau,-2.8856,-40.12,89.8,52,31,17.2,BR,2021-11-21 15:27:00
321,Madimba,-10.4,40.3333,81.55,70,2,9.62,TZ,2021-11-21 15:27:00
322,Baiyin,36.5583,104.2081,18.48,44,0,1.05,CN,2021-11-21 15:27:01
323,Northam,51.0333,-4.2167,49.3,64,9,15.23,GB,2021-11-21 15:27:01
324,Port Hedland,-20.3167,118.5667,86.05,37,40,10.36,AU,2021-11-21 15:27:02
325,Tautira,-17.7333,-149.15,73.42,66,49,7.49,PF,2021-11-21 15:27:02
326,Samandag,36.0842,35.9771,59.52,61,31,8.93,TR,2021-11-21 15:27:02
327,Aktash,50.3,87.7333,2.79,72,72,6.2,RU,2021-11-21 15:27:03
328,Laem Sing,12.4816,102.0738,85.14,85,11,3.53,TH,2021-11-21 15:27:03
329,Qaqortoq,60.7167,-46.0333,32.5,99,100,7.45,GL,2021-11-21 15:27:04
330,Lorengau,-2.0226,147.2712,82.13,75,61,3.44,PG,2021-11-21 15:27:04
331,Waverly,42.7392,-84.6208,39.49,86,90,5.75,US,2021-11-21 15:27:05
332,Halifax,44.6453,-63.5724,43.09,85,100,1.14,CA,2021-11-21 15:26:02
333,Bathsheba,13.2167,-59.5167,86.61,62,20,14.97,BB,2021-11-21 15:27:05
334,Bima,-8.4667,118.7167,78.94,89,100,1.25,ID,2021-11-21 15:27:06
335,Harper,4.375,-7.7169,82.27,77,33,5.41,LR,2021-11-21 15:27:06
336,Constitucion,-35.3333,-72.4167,66.31,62,11,5.79,CL,2021-11-21 15:27:06
337,Faya,18.3851,42.4509,64.51,50,4,5.84,SA,2021-11-21 15:27:07
338,Karratha,-20.7377,116.8463,80.42,47,100,9.66,AU,2021-11-21 15:27:07
339,Bilsanda,28.25,79.95,66.04,30,0,8.05,IN,2021-11-21 15:27:08
340,Martapura,-3.4167,114.85,78.89,100,20,1.14,ID,2021-11-21 15:27:08
341,Bambous Virieux,-20.3428,57.7575,77.25,73,20,6.91,MU,2021-11-21 15:27:08
342,Dunedin,-45.8742,170.5036,52.21,91,100,10.47,NZ,2021-11-21 15:27:09
343,Aksha,50.2814,113.2867,8.44,75,46,9.37,RU,2021-11-21 15:27:09
344,Konya,38.1667,32.5,44.08,61,2,4.59,TR,2021-11-21 15:22:37
345,Yushala,57.0761,64.2601,22.75,92,100,12.46,RU,2021-11-21 15:27:10
346,Mayo,38.8876,-76.5119,51.24,66,75,5.01,US,2021-11-21 15:27:10
347,Alamosa,37.4695,-105.87,27.91,79,1,3.44,US,2021-11-21 15:27:11
348,Coffs Harbour,-30.3,153.1333,68.13,96,75,9.22,AU,2021-11-21 15:27:11
349,Salekhard,66.53,66.6019,11.75,95,100,10.04,RU,2021-11-21 15:27:11
350,Clyde River,70.4692,-68.5914,-5.57,84,96,3.44,CA,2021-11-21 15:27:12
351,Pankrushikha,53.8319,80.3406,20.84,81,100,13.62,RU,2021-11-21 15:27:12
352,Alta Floresta,-9.8756,-56.0861,87.62,62,40,4.61,BR,2021-11-21 15:27:13
353,Comodoro Rivadavia,-45.8667,-67.5,57.06,54,40,13.8,AR,2021-11-21 15:27:13
354,Worland,44.0169,-107.9554,33.55,93,1,5.75,US,2021-11-21 15:27:13
355,Dingle,10.9995,122.6711,77.45,90,26,4.38,PH,2021-11-21 15:27:14
356,Bardiyah,31.7561,25.0865,66.15,55,13,1.74,LY,2021-11-21 15:27:14
357,Taltal,-25.4,-70.4833,69.19,60,62,8.59,CL,2021-11-21 15:27:15
358,Cestas,44.7435,-0.6791,47.86,93,90,6.91,FR,2021-11-21 15:27:15
359,Nhulunbuy,-12.2333,136.7667,79.41,83,75,3.44,AU,2021-11-21 15:27:16
360,Hualmay,-11.0964,-77.6139,68.99,75,100,9.04,PE,2021-11-21 15:27:16
361,Iqaluit,63.7506,-68.5145,10.13,85,75,2.3,CA,2021-11-21 15:27:17
362,Severo-Yeniseyskiy,60.3725,93.0408,6.58,94,100,3.94,RU,2021-11-21 15:28:17
363,Imeni Poliny Osipenko,52.4201,136.4853,-5.24,99,10,3.09,RU,2021-11-21 15:28:18
364,Ust-Tsilma,65.441,52.1498,21.02,96,100,5.14,RU,2021-11-21 15:28:18
365,Zvishavane,-20.3267,30.0665,72.18,76,100,8.86,ZW,2021-11-21 15:28:18
366,Kumphawapi,17.1087,103.0149,83.71,99,8,3.36,TH,2021-11-21 15:28:19
367,Leua,48.2156,18.6071,50.5,76,61,3.71,SK,2021-11-21 15:28:20
368,Seoul,37.5683,126.9778,50.41,81,90,16.11,KR,2021-11-21 15:23:41
369,Samarai,-10.6167,150.6667,81.07,82,10,6.93,PG,2021-11-21 15:28:20
370,Anchorage,61.2181,-149.9003,9.19,74,1,4.0,US,2021-11-21 15:28:21
371,Port Macquarie,-31.4333,152.9167,66.09,94,75,10.36,AU,2021-11-21 15:25:34
372,Tutoia,-2.7619,-42.2744,91.38,59,99,15.37,BR,2021-11-21 15:28:21
373,Hervey Bay,-25.2986,152.8535,76.03,76,97,5.99,AU,2021-11-21 15:28:22
374,San Quintin,30.4833,-115.95,61.75,74,100,2.53,MX,2021-11-21 15:28:22
375,Nokaneng,-19.6667,22.2667,86.13,36,100,6.71,BW,2021-11-21 15:28:23
376,Prince Rupert,54.3161,-130.3201,47.89,79,90,17.27,CA,2021-11-21 15:25:22
377,Mehtar Lam,34.6714,70.2094,61.11,16,0,4.47,AF,2021-11-21 15:28:23
378,Dumai,1.6833,101.45,76.53,95,62,2.73,ID,2021-11-21 15:28:23
379,Tura,25.5198,90.2201,64.09,73,0,3.2,IN,2021-11-21 15:28:24
380,Sabzevar,36.2126,57.6819,51.08,35,75,0.0,IR,2021-11-21 15:28:24
381,Kindu,-2.95,25.95,75.88,95,100,2.64,CD,2021-11-21 15:28:25
382,Celestun,20.8667,-90.4,79.23,74,21,9.1,MX,2021-11-21 15:28:25
383,Burgthann,49.352,11.3115,41.13,82,29,3.74,DE,2021-11-21 15:28:26
384,Perbaungan,3.5679,98.956,80.71,89,100,4.16,ID,2021-11-21 15:28:26
385,Kushima,31.4583,131.2333,67.32,80,99,6.76,JP,2021-11-21 15:28:27
386,Zyryanka,65.75,150.85,-9.4,98,100,5.46,RU,2021-11-21 15:28:27
387,Naze,28.3667,129.4833,69.73,82,97,11.45,JP,2021-11-21 15:28:27
388,Rancho Palos Verdes,33.7445,-118.387,71.4,54,0,3.0,US,2021-11-21 15:28:28
389,Aswan,24.0934,32.907,73.72,25,0,9.64,EG,2021-11-21 15:28:29
390,Nome,64.5011,-165.4064,-5.73,77,1,4.61,US,2021-11-21 15:28:29
391,Aripuana,-9.1667,-60.6333,88.11,58,98,2.1,BR,2021-11-21 15:28:29
392,Shimoda,34.6667,138.95,56.1,86,100,15.17,JP,2021-11-21 15:28:30
393,Ambositra,-20.5167,47.25,70.36,65,99,5.77,MG,2021-11-21 15:28:30
394,Olafsvik,64.8945,-23.7142,43.7,88,100,22.24,IS,2021-11-21 15:28:30
395,Bandarbeyla,9.4942,50.8122,78.06,69,2,10.54,SO,2021-11-21 15:28:31
396,Mubi,10.2676,13.2644,94.8,13,98,9.42,NG,2021-11-21 15:28:32
397,Nioaque,-21.1353,-55.83,91.44,41,46,5.35,BR,2021-11-21 15:28:32
398,Tulua,4.0847,-76.1954,75.02,87,99,1.01,CO,2021-11-21 15:28:33
399,Pedra Azul,-16.0053,-41.2972,75.72,79,100,4.68,BR,2021-11-21 15:28:33
400,Zhezkazgan,47.8043,67.7144,28.51,80,100,14.34,KZ,2021-11-21 15:28:34
401,Elizabeth City,36.2946,-76.2511,60.98,88,20,1.01,US,2021-11-21 15:28:34
402,Peniche,39.3558,-9.3811,65.75,73,12,7.29,PT,2021-11-21 15:28:35
403,Longford,53.7333,-7.8,46.26,69,8,10.94,IE,2021-11-21 15:28:36
404,Fonte Boa,-2.4959,-66.2662,82.29,79,100,0.69,BR,2021-11-21 15:28:36
405,Sambava,-14.2667,50.1667,77.95,70,16,5.44,MG,2021-11-21 15:28:36
406,Jiexiu,37.0244,111.9125,27.73,18,0,11.52,CN,2021-11-21 15:28:37
407,Thibodaux,29.7958,-90.8229,72.99,74,3,5.82,US,2021-11-21 15:25:39
408,Pisco,-13.7,-76.2167,70.02,77,90,6.91,PE,2021-11-21 15:24:50
409,Clarence Town,-32.5833,151.7833,64.85,97,100,11.12,AU,2021-11-21 15:29:37
410,Birao,10.2849,22.7882,92.12,14,9,8.55,CF,2021-11-21 15:29:38
411,Dickinson,29.4608,-95.0513,75.97,88,1,3.0,US,2021-11-21 15:26:22
412,Mandalgovi,45.7625,106.2708,7.2,38,0,5.53,MN,2021-11-21 15:29:38
413,Palmer,42.1584,-72.3287,49.64,60,40,1.01,US,2021-11-21 15:29:08
414,Itapaci,-14.9508,-49.5494,82.54,68,97,0.56,BR,2021-11-21 15:29:39
415,Bouna,9.2667,-3.0,98.98,12,4,7.83,CI,2021-11-21 15:29:39
416,Padang,-0.9492,100.3543,78.85,82,99,1.72,ID,2021-11-21 15:29:39
417,Bourail,-21.5667,165.4833,72.61,85,65,3.38,NC,2021-11-21 15:29:40
418,Nivala,63.9167,24.9667,24.19,58,11,11.27,FI,2021-11-21 15:29:40
419,Raudeberg,61.9875,5.1352,38.8,86,99,17.49,NO,2021-11-21 15:29:41
420,Vigrestad,58.5667,5.7,40.68,72,1,11.59,NO,2021-11-21 15:29:41
421,Muyezerskiy,63.9333,31.65,22.3,91,100,11.92,RU,2021-11-21 15:29:42
422,Itirucu,-13.5317,-40.1503,81.99,49,46,4.92,BR,2021-11-21 15:29:42
423,Narsaq,60.9167,-46.05,32.22,99,100,6.08,GL,2021-11-21 15:29:43
424,Sable-Sur-Sarthe,47.8376,-0.3329,48.45,86,100,12.97,FR,2021-11-21 15:29:43
425,Ust-Shonosha,61.1531,41.343,27.23,94,98,7.27,RU,2021-11-21 15:29:44
426,Scarborough,54.2797,-0.4044,43.52,79,61,5.01,GB,2021-11-21 15:27:25
427,Poum,-20.2333,164.0167,76.05,78,5,6.31,NC,2021-11-21 15:29:45
428,Caraballeda,10.6112,-66.8522,89.37,48,100,7.85,VE,2021-11-21 15:29:45
429,Atoka,34.4001,-96.0169,64.38,91,100,6.22,US,2021-11-21 15:29:46
430,Boyuibe,-20.4167,-63.2833,87.71,30,2,7.87,BO,2021-11-21 15:29:46
431,Nador,35.174,-2.9287,68.07,55,0,5.75,MA,2021-11-21 15:29:46
432,Sisimiut,66.9395,-53.6735,22.26,86,100,5.99,GL,2021-11-21 15:29:47
433,Groa,62.65,8.7167,33.89,98,100,4.72,NO,2021-11-21 15:29:47
434,Aron,24.3833,77.4167,71.65,49,3,5.99,IN,2021-11-21 15:29:48
435,Scituate,42.1959,-70.7259,52.18,79,20,1.99,US,2021-11-21 15:29:48
436,Svetlogorsk,52.6333,29.7333,45.79,76,100,17.31,BY,2021-11-21 15:29:48
437,Seydi,39.4816,62.9137,49.84,28,71,3.58,TM,2021-11-21 15:29:49
438,Ailigandi,9.2333,-78.0167,81.46,77,100,0.54,PA,2021-11-21 15:29:49
439,Vrangel,42.7297,133.0839,41.5,84,100,24.74,RU,2021-11-21 15:29:49
440,Colares,38.7992,-9.4469,66.79,69,20,8.01,PT,2021-11-21 15:29:50
441,Atar,20.5169,-13.0499,95.14,14,98,3.62,MR,2021-11-21 15:29:50
442,Pauini,-7.7136,-66.9764,80.98,74,100,0.56,BR,2021-11-21 15:29:51
443,Miles City,46.4083,-105.8406,27.52,86,1,3.44,US,2021-11-21 15:29:51
444,Sorong,-0.8833,131.25,82.24,77,95,8.28,ID,2021-11-21 15:29:51
445,Namatanai,-3.6667,152.4333,78.84,83,68,6.69,PG,2021-11-21 15:29:52
446,Fairbanks,64.8378,-147.7164,-19.39,70,1,0.0,US,2021-11-21 15:27:14
447,Cooma,-36.2333,149.1333,47.97,100,90,6.91,AU,2021-11-21 15:29:52
448,Hampton,37.0299,-76.3452,59.2,82,40,0.0,US,2021-11-21 15:29:53
449,Hamilton,39.1834,-84.5333,43.65,94,90,3.0,US,2021-11-21 15:29:53
450,Assiniboia,49.6334,-105.9845,12.11,79,100,3.44,CA,2021-11-21 15:29:54
451,Kamyshin,50.0983,45.416,37.65,77,18,14.9,RU,2021-11-21 15:29:54
452,Pijino,9.3291,-74.453,81.41,81,100,4.43,CO,2021-11-21 15:29:55
453,Timra,62.487,17.3257,28.67,62,0,10.36,SE,2021-11-21 15:29:56
454,Panjab,34.388,67.0233,31.12,40,0,3.18,AF,2021-11-21 15:29:56
455,Xai-Xai,-25.0519,33.6442,73.85,69,100,13.13,MZ,2021-11-21 15:30:57
456,Lardos,36.0942,28.0157,62.42,63,0,3.24,GR,2021-11-21 15:30:57
457,Dukat,62.55,155.55,-16.58,100,89,4.59,RU,2021-11-21 15:30:58
458,Saint-Augustin,51.226,-58.6502,33.71,64,81,11.05,CA,2021-11-21 15:30:58
459,Umm Lajj,25.0213,37.2685,75.07,43,3,9.24,SA,2021-11-21 15:30:59
460,Indiaroba,-11.5192,-37.5117,87.33,55,92,9.46,BR,2021-11-21 15:30:59
461,Camacha,33.0833,-16.3333,63.82,77,20,12.66,PT,2021-11-21 15:31:00
462,Verkhoyansk,67.5447,133.385,-19.5,100,100,0.25,RU,2021-11-21 15:31:00
463,Tukrah,32.5341,20.5791,65.7,67,6,7.4,LY,2021-11-21 15:31:01
464,Yerbogachen,61.2767,108.0108,-17.27,100,34,2.82,RU,2021-11-21 15:31:01
465,Bilibino,68.0546,166.4372,-17.72,84,1,3.06,RU,2021-11-21 15:31:02
466,Terrassa,41.5667,2.0167,62.44,67,20,1.99,ES,2021-11-21 15:31:02
467,Kawalu,-7.3817,108.2082,73.4,95,70,2.66,ID,2021-11-21 15:31:03
468,Tezu,27.9167,96.1667,69.37,55,100,2.33,IN,2021-11-21 15:31:04
469,Iskateley,67.6803,53.1512,9.28,96,93,6.53,RU,2021-11-21 15:31:04
470,Moree,-29.4667,149.85,64.42,94,90,6.91,AU,2021-11-21 15:31:05
471,Hun,29.1268,15.9477,66.31,41,71,4.32,LY,2021-11-21 15:31:06
472,Telimele,10.9167,-13.3333,92.75,24,1,2.62,GN,2021-11-21 15:31:06
473,Fayaoue,-20.65,166.5333,78.64,72,69,16.87,NC,2021-11-21 15:31:06
474,Ust-Kuyga,70.0167,135.6,-11.07,99,100,2.48,RU,2021-11-21 15:31:07
475,Hokitika,-42.7167,170.9667,55.11,88,91,4.99,NZ,2021-11-21 15:31:08
476,Vestmanna,62.1564,-7.1664,40.12,75,75,17.27,FO,2021-11-21 15:31:08
477,Ergani,38.2653,39.7621,52.52,69,58,3.31,TR,2021-11-21 15:31:09
478,Margate,51.3813,1.3862,47.91,75,40,26.96,GB,2021-11-21 15:30:24
479,La Paz,-16.5,-68.15,60.78,47,40,8.05,BO,2021-11-21 15:30:03
480,Kyra,49.5776,111.9753,2.59,82,50,6.4,RU,2021-11-21 15:31:10
481,Chapais,49.7834,-74.8492,31.78,75,15,7.61,CA,2021-11-21 15:31:10
482,Guerrero Negro,27.9769,-114.0611,64.49,79,100,4.27,MX,2021-11-21 15:31:11
483,Banepa,27.6298,85.5214,55.72,94,20,3.44,NP,2021-11-21 15:31:11
484,Ayan,56.45,138.1667,5.22,77,2,11.97,RU,2021-11-21 15:31:12
485,College,64.8569,-147.8028,-15.14,70,20,0.0,US,2021-11-21 15:31:12
486,Pilar,-9.5972,-35.9567,89.53,43,37,13.58,BR,2021-11-21 15:31:12
487,Cockburn Town,21.4612,-71.1419,81.12,68,100,12.75,TC,2021-11-21 15:31:13
488,Klaeng,12.7797,101.6483,80.94,87,53,1.32,TH,2021-11-21 15:31:14
489,Henties Bay,-22.116,14.2845,64.85,79,3,14.12,NA,2021-11-21 15:31:14
490,Hargeysa,9.56,44.065,70.68,62,86,13.06,SO,2021-11-21 15:31:14
491,Mehamn,71.0357,27.8492,25.99,54,100,9.24,NO,2021-11-21 15:31:15
492,Mirnyy,62.5353,113.9611,-13.13,100,100,1.12,RU,2021-11-21 15:31:15
493,Marawi,7.9986,124.2928,67.64,93,75,1.74,PH,2021-11-21 15:31:16
494,Yangcun,39.3639,117.0603,36.0,30,0,18.03,CN,2021-11-21 15:31:17
495,Troitsko-Pechorsk,62.7084,56.1964,18.37,95,100,6.8,RU,2021-11-21 15:31:17
496,Noyabrsk,63.1994,75.4507,18.03,95,100,15.43,RU,2021-11-21 15:31:18
497,Baykit,61.67,96.37,2.34,98,100,3.38,RU,2021-11-21 15:31:18
498,Shushtar,32.0455,48.8567,70.92,70,58,5.68,IR,2021-11-21 15:31:19
499,Kyren,51.6828,102.1408,4.71,84,54,2.48,RU,2021-11-21 15:32:19
500,Hami,42.8,93.45,26.44,47,0,3.18,CN,2021-11-21 15:32:20
501,Saint-Georges,12.0564,-61.7485,85.68,70,20,23.02,GD,2021-11-21 15:32:20
502,Aykhal,66.0,111.5,-11.85,96,100,5.1,RU,2021-11-21 15:32:21
503,Huadian,42.9633,126.7478,28.18,96,100,8.66,CN,2021-11-21 15:32:22
504,Beringovskiy,63.05,179.3167,0.59,98,97,11.88,RU,2021-11-21 15:32:22
505,Skibbereen,51.55,-9.2667,46.2,68,3,15.23,IE,2021-11-21 15:32:23
506,Mogadishu,2.0371,45.3438,80.24,72,42,14.07,SO,2021-11-21 15:28:52
507,Severodvinsk,64.5635,39.8302,24.91,97,100,5.84,RU,2021-11-21 15:32:23
508,Tabou,4.423,-7.3528,82.36,77,23,6.42,CI,2021-11-21 15:32:24
509,Bani,18.2833,-70.3333,84.85,54,95,7.34,DO,2021-11-21 15:32:16
510,Lebu,-37.6167,-73.65,61.2,74,2,18.37,CL,2021-11-21 15:31:02
511,Polunochnoye,60.8697,60.4153,20.17,97,100,2.86,RU,2021-11-21 15:32:25
512,Tambacounda,13.7539,-13.7586,105.85,9,0,9.22,SN,2021-11-21 15:32:25
513,Necochea,-38.5473,-58.7368,76.03,45,16,15.43,AR,2021-11-21 15:32:26
514,Sao Jose Da Coroa Grande,-8.8978,-35.1478,83.35,64,47,10.6,BR,2021-11-21 15:32:26
515,Muriwai Beach,-36.8167,174.45,64.96,93,99,1.7,NZ,2021-11-21 15:32:26
516,Motygino,58.1831,94.7592,11.23,99,100,2.24,RU,2021-11-21 15:32:27
517,Cajati,-24.7361,-48.1228,82.53,39,23,4.85,BR,2021-11-21 15:32:27
518,Barreirinhas,-2.7469,-42.8264,90.99,50,99,13.94,BR,2021-11-21 15:32:28
519,Banjar,-8.19,114.9675,80.46,90,99,3.02,ID,2021-11-21 15:32:28
520,Sunggal,3.5765,98.6151,80.58,88,40,3.0,ID,2021-11-21 15:32:29
521,Kimbe,-5.5502,150.1429,74.89,93,52,2.15,PG,2021-11-21 15:32:29
522,Saint Anthony,45.0205,-93.218,39.13,70,75,5.99,US,2021-11-21 15:32:30
523,Oistins,13.0667,-59.5333,86.09,62,20,14.97,BB,2021-11-21 15:32:31
524,Atasu,48.6814,71.6433,24.12,75,99,13.15,KZ,2021-11-21 15:32:31
525,Andenes,69.3143,16.1194,28.38,80,40,3.44,NO,2021-11-21 15:32:32
526,Saint-Joseph,-21.3667,55.6167,77.38,75,28,6.26,RE,2021-11-21 15:32:32
527,Cap Malheureux,-19.9842,57.6142,77.49,66,0,5.01,MU,2021-11-21 15:32:33
528,Bundaberg,-24.85,152.35,76.21,80,82,3.0,AU,2021-11-21 15:32:33
529,Miri,4.4148,114.0089,78.94,94,40,3.44,MY,2021-11-21 15:32:34
530,Arandis,-22.4167,14.9667,58.46,42,0,13.31,NA,2021-11-21 15:32:34
531,Santa Isabel Do Rio Negro,-0.4139,-65.0192,73.58,99,100,3.24,BR,2021-11-21 15:32:35
532,Chaplynka,46.3651,33.5403,46.51,89,13,8.57,UA,2021-11-21 15:32:36
533,Peleduy,59.6289,112.7406,-11.63,100,82,1.92,RU,2021-11-21 15:32:37
534,Pinotepa Nacional,16.3167,-98.0167,86.54,49,0,1.3,MX,2021-11-21 15:32:37
